featured,id,link,title,imageURL,category,avg_review,phone,email,address,city,state,zipcode,country,location,feature
Featured,4574,https://visitmalawi.mw/index.php/directories/umodzi-park/,Umodzi Park Hotel,https://visitmalawi.mw/wp-content/uploads/2022/09/umodzi-park7-1024x683.jpg,Hotel,0,+2651789888,,"Chilembwe Road, P.O. Box 31489 Lilongwe 3",Lilongwe,,,Malawi,Lilongwe,"24 Hour Reception,Air Conditioning,Airport Shuttle,Bath and Shower,CCTV Cameras,Electronic Key System,Gym,Hair Dryer,International Adaptors,Laundry Service,LCD Flatscreen and LCD,Mini Bar,Room Service,Safe,Secure Parking,Spa and Saloon,Swimming Pool,Tea and Coffee Station,Wifi Unlimited,Work Station"
featured,1841,https://visitmalawi.mw/index.php/directories/sunbird-livingstonia-beach/,Sunbird Livingstonia Beach,https://visitmalawi.mw/wp-content/uploads/2021/10/sunbird-livingstonia-1024x684.jpg,"Hotel,MICE",0,+265-1-820-588,,,Salima,,,Malawi,Salima,"Accepts Credit Cards,Free WiFi,Has TV,Laundry,Parking,Swing Pool,Takes Reservations,Waiter Service,Weddings"
,4568,https://visitmalawi.mw/index.php/directories/mufrasa-backpackers-lodge/,Mufrasa Backpackers Lodge,https://visitmalawi.mw/wp-content/uploads/2022/09/image-cover2.jpg,Hotel,0,,kelvin@visitmalawi.mw,,Salima,Central Region,,MALAWI,Salima,
,4567,https://visitmalawi.mw/index.php/directories/thope-lodge/,Thope Lodge,https://visitmalawi.mw/wp-content/uploads/2022/09/image-cover2.jpg,Hotel,0,,kelvin@visitmalawi.mw,,Dowa,Central Region,,MALAWI,Dowa,
,4566,https://visitmalawi.mw/index.php/directories/lake-side-hotel/,Lake Side Hotel,https://visitmalawi.mw/wp-content/uploads/2022/09/image-cover2.jpg,Hotel,0,,kelvin@visitmalawi.mw,,Salima,Central Region,,MALAWI,Salima,
,4565,https://visitmalawi.mw/index.php/directories/linde-motel/,Linde Motel,https://visitmalawi.mw/wp-content/uploads/2022/09/image-cover2.jpg,Hotel,0,,kelvin@visitmalawi.mw,,Dowa,Central Region,,MALAWI,Dowa,
,4564,https://visitmalawi.mw/index.php/directories/safari-beach-lodge/,Safari Beach Lodge,https://visitmalawi.mw/wp-content/uploads/2022/09/image-cover2.jpg,Hotel,0,,kelvin@visitmalawi.mw,,Salima,Central Region,,MALAWI,Salima,
,4563,https://visitmalawi.mw/index.php/directories/holiday-home-lodge/,Holiday Home Lodge,https://visitmalawi.mw/wp-content/uploads/2022/09/image-cover2.jpg,Hotel,0,,kelvin@visitmalawi.mw,,Dowa,Central Region,,MALAWI,Dowa,
,4562,https://visitmalawi.mw/index.php/directories/hill-side-executive-lodge/,Hill Side Executive Lodge,https://visitmalawi.mw/wp-content/uploads/2022/09/image-cover2.jpg,Hotel,0,,kelvin@visitmalawi.mw,,Dowa,Central Region,,MALAWI,Dowa,
,4561,https://visitmalawi.mw/index.php/directories/selema-lodge/,Selema Lodge,https://visitmalawi.mw/wp-content/uploads/2022/09/image-cover2.jpg,Hotel,0,,kelvin@visitmalawi.mw,,Salima,Cental Region,,MALAWI,Salima,
,4560,https://visitmalawi.mw/index.php/directories/mwala-cottage/,Mwala Cottage,https://visitmalawi.mw/wp-content/uploads/2022/09/image-cover2.jpg,Hotel,0,,kelvin@visitmalawi.mw,,Salima,Central Region,,MALAWI,Salima,
,4559,https://visitmalawi.mw/index.php/directories/tendai-restaurant-lodge/,Tendai Restaurant & Lodge,https://visitmalawi.mw/wp-content/uploads/2022/09/image-cover2.jpg,Hotel,0,,kelvin@visitmalawi.mw,,Salima,Central Region,,MALAWI,Salima,
,4558,https://visitmalawi.mw/index.php/directories/ambele-2-restaurant/,Ambele 2 Restaurant,https://visitmalawi.mw/wp-content/uploads/2022/09/image-cover2.jpg,Hotel,0,,kelvin@visitmalawi.mw,,Dowa,Central Region,,MALAWI,Dowa,
,4557,https://visitmalawi.mw/index.php/directories/chimango-lodge/,Chimango Lodge,https://visitmalawi.mw/wp-content/uploads/2022/09/image-cover2.jpg,Hotel,0,,kelvin@visitmalawi.mw,,Salima,Central Region,,MALAWI,Salima,
,4556,https://visitmalawi.mw/index.php/directories/asante-guesthouse/,Asante Guesthouse,https://visitmalawi.mw/wp-content/uploads/2022/09/image-cover2.jpg,Hotel,0,,kelvin@visitmalawi.mw,,Salima,Central Region,,MALAWI,Salima,
,4555,https://visitmalawi.mw/index.php/directories/malimba-lodge/,Malimba Lodge,https://visitmalawi.mw/wp-content/uploads/2022/09/image-cover2.jpg,Hotel,0,,kelvin@visitmalawi.mw,,Salima,Central Region,,MALAWI,Salima,
,4554,https://visitmalawi.mw/index.php/directories/ambele-1-restaurant/,Ambele 1 Restaurant,https://visitmalawi.mw/wp-content/uploads/2022/09/image-cover2.jpg,Hotel,0,,kelvin@visitmalawi.mw,,Dowa,Central Region,,MALAWI,Dowa,
,4553,https://visitmalawi.mw/index.php/directories/gannt-executive-lodge/,Gannt Executive Lodge,https://visitmalawi.mw/wp-content/uploads/2022/09/image-cover2.jpg,Hotel,0,,kelvin@visitmalawi.mw,,Salima,Central Region,,MALAWI,Salima,
,4552,https://visitmalawi.mw/index.php/directories/half-london-lodge/,Half London Lodge,https://visitmalawi.mw/wp-content/uploads/2022/09/image-cover2.jpg,Hotel,0,,kelvin@visitmalawi.mw,,Salima,Northern Region,,MALAWI,Salima,
,4551,https://visitmalawi.mw/index.php/directories/avon-garden-lodge/,Avon Garden Lodge,https://visitmalawi.mw/wp-content/uploads/2022/09/image-cover2.jpg,Hotel,0,,kelvin@visitmalawi.mw,,Salima,Northern Region,,MALAWI,Salima,
,4550,https://visitmalawi.mw/index.php/directories/mai-tsalani-motel/,Mai Tsalani Motel,https://visitmalawi.mw/wp-content/uploads/2022/09/image-cover2.jpg,Hotel,0,,kelvin@visitmalawi.mw,,Salima,Northern Region,,MALAWI,Salima,
,4549,https://visitmalawi.mw/index.php/directories/maryz-lodge/,Maryz Lodge,https://visitmalawi.mw/wp-content/uploads/2022/09/image-cover2.jpg,Hotel,0,,kelvin@visitmalawi.mw,,Salima,Northern Region,,MALAWI,Salima,
,4547,https://visitmalawi.mw/index.php/directories/chikungu-lodge-and-restaurant/,Chikungu Lodge and Restaurant,https://visitmalawi.mw/wp-content/uploads/2022/09/image-cover2.jpg,Hotel,0,,kelvin@visitmalawi.mw,,,,,MALAWI,,
,4546,https://visitmalawi.mw/index.php/directories/eden-guest-house/,Eden Guest House,https://visitmalawi.mw/wp-content/uploads/2022/09/image-cover2.jpg,Hotel,0,,kelvin@visitmalawi.mw,,Salima,Central Region,,MALAWI,Salima,
,4545,https://visitmalawi.mw/index.php/directories/crc-inn/,CRC INN,https://visitmalawi.mw/wp-content/uploads/2022/09/image-cover2.jpg,Hotel,0,,kelvin@visitmalawi.mw,,Ntchisi,Central Region,,MALAWI,Ntchisi,
,4544,https://visitmalawi.mw/index.php/directories/jafali-ayaya-resthouse/,Jafali Ayaya Resthouse,https://visitmalawi.mw/wp-content/uploads/2022/09/image-cover2.jpg,Hotel,0,,kelvin@visitmalawi.mw,,Ntchisi,Central Region,,MALAWI,Ntchisi,
,4541,https://visitmalawi.mw/index.php/directories/nkhamaratha-resthouse-2/,Nkhamaratha Resthouse,https://visitmalawi.mw/wp-content/uploads/2022/09/image-cover2.jpg,Hotel,0,,kelvin@visitmalawi.mw,,Ntchisi,Central Region,,MALAWI,Ntchisi,
,4540,https://visitmalawi.mw/index.php/directories/nkhamaratha-resthouse/,Nkhamaratha Resthouse,https://visitmalawi.mw/wp-content/uploads/2022/09/image-cover2.jpg,Hotel,0,,kelvin@visitmalawi.mw,,Ntchisi,Central Region,,MALAWI,Ntchisi,
,4539,https://visitmalawi.mw/index.php/directories/chikho-lodge/,Chikho Lodge,https://visitmalawi.mw/wp-content/uploads/2022/09/image-cover2.jpg,Hotel,0,,kelvin@visitmalawi.mw,,Ntchisi,Central Region,,MALAWI,Ntchisi,
,4538,https://visitmalawi.mw/index.php/directories/kayoyo-resthouse/,Kayoyo Resthouse,https://visitmalawi.mw/wp-content/uploads/2022/09/image-cover2.jpg,Hotel,0,,kelvin@visitmalawi.mw,,Ntchesi,Central Region,,MALAWI,Ntchesi,
,4537,https://visitmalawi.mw/index.php/directories/tuniza-lodge-2/,Tuniza Lodge,https://visitmalawi.mw/wp-content/uploads/2022/09/image-cover2.jpg,Hotel,0,,kelvin@visitmalawi.mw,,Ntchisi District,Central District,,MALAWI,Ntchisi District,
,4535,https://visitmalawi.mw/index.php/directories/ntchisi-forest-lodge/,Ntchisi Forest Lodge,https://visitmalawi.mw/wp-content/uploads/2022/09/image-cover2.jpg,Hotel,0,,kelvin@visitmalawi.mw,,Ntchisi,Central Region,,MALAWI,Ntchisi,
,4534,https://visitmalawi.mw/index.php/directories/beston-lodge/,Beston Lodge,https://visitmalawi.mw/wp-content/uploads/2022/09/image-cover2.jpg,Hotel,0,,kelvin@visitmalawi.mw,,Salima,Northern Region,,MALAWI,Salima,
,4533,https://visitmalawi.mw/index.php/directories/cacobe-lodge/,Cacobe Lodge,https://visitmalawi.mw/wp-content/uploads/2022/09/image-cover2.jpg,Hotel,0,,kelvin@visitmalawi.mw,,Salima,Northern Region,,MALAWI,Salima,
,4532,https://visitmalawi.mw/index.php/directories/mpatsa-beach-lodge/,Mpatsa Beach Lodge,https://visitmalawi.mw/wp-content/uploads/2022/09/image-cover2.jpg,Hotel,0,,kelvin@visitmalawi.mw,,Salima,Northern Region,,MALAWI,Salima,
,4529,https://visitmalawi.mw/index.php/directories/sigelege-beach-resort-and-conference/,Sigelege Beach Resort and Conference,https://visitmalawi.mw/wp-content/uploads/2022/09/image-cover2.jpg,Hotel,0,,kelvin@visitmalawi.mw,,Salima,Northern Region,,MALAWI,Salima,
,4521,https://visitmalawi.mw/index.php/directories/tafika-adventures-car-hire/,Tafika Adventures Car Hire,https://visitmalawi.mw/wp-content/uploads/2022/09/image-cover2.jpg,Hotel,0,,kelvin@visitmalawi.mw,Box 30254 Lilongwe,Lilongwe,Central Region,,MALAWI,Lilongwe,
,4520,https://visitmalawi.mw/index.php/directories/joals-executive-lodge/,Joals Executive lodge,https://visitmalawi.mw/wp-content/uploads/2022/09/image-cover2.jpg,Hotel,0,,kelvin@visitmalawi.mw,,Salima,Northern Regione,,MALAWI,Salima,
,4514,https://visitmalawi.mw/index.php/directories/likonde-motel/,LIKONDE MOTEL,https://visitmalawi.mw/wp-content/uploads/2022/09/image-cover2.jpg,Hotel,0,,kelvin@visitmalawi.mw,,,,,MALAWI,,
,4511,https://visitmalawi.mw/index.php/directories/murandy-cottage/,Murandy Cottage,https://visitmalawi.mw/wp-content/uploads/2022/09/image-cover2.jpg,Hotel,0,,kelvin@visitmalawi.mw,,Salima,Northern Region,,MALAWI,Salima,
,4510,https://visitmalawi.mw/index.php/directories/jeds-lodge/,JEDS LODGE,https://visitmalawi.mw/wp-content/uploads/2022/09/image-cover2.jpg,Hotel,0,,kelvin@visitmalawi.mw,,,,,MALAWI,,
,4507,https://visitmalawi.mw/index.php/directories/tiwonge-guesthouse/,TIWONGE GUESTHOUSE,https://visitmalawi.mw/wp-content/uploads/2022/09/image-cover2.jpg,Hotel,0,,kelvin@visitmalawi.mw,,,,,MALAWI,,
,4504,https://visitmalawi.mw/index.php/directories/zonse-ndi-mulungu-lodge/,ZONSE NDI MULUNGU LODGE,https://visitmalawi.mw/wp-content/uploads/2022/09/image-cover2.jpg,Hotel,0,,kelvin@visitmalawi.mw,,,,,MALAWI,,
,4502,https://visitmalawi.mw/index.php/directories/kanthuwekha-resthouse/,Kanthuwekha Resthouse,https://visitmalawi.mw/wp-content/uploads/2022/09/image-cover2.jpg,Hotel,0,,kelvin@visitmalawi.mw,,Nkhatabay,Northern Region,,MALAWI,Nkhatabay,
,4501,https://visitmalawi.mw/index.php/directories/anansi-sasowa-resthouse/,ANANSI SASOWA RESTHOUSE,https://visitmalawi.mw/wp-content/uploads/2022/09/image-cover2.jpg,Hotel,0,,kelvin@visitmalawi.mw,,,,,MALAWI,,
,4499,https://visitmalawi.mw/index.php/directories/akwambewe-resthouse/,AKWAMBEWE RESTHOUSE,https://visitmalawi.mw/wp-content/uploads/2022/09/image-cover2.jpg,Hotel,0,,kelvin@visitmalawi.mw,,,,,MALAWI,,
,4497,https://visitmalawi.mw/index.php/directories/njaya-lodge/,Njaya Lodge,https://visitmalawi.mw/wp-content/uploads/2022/09/image-cover2.jpg,Hotel,0,,kelvin@visitmalawi.mw,,Nkhatabay,Northern Region,,MALAWI,Nkhatabay,
,4493,https://visitmalawi.mw/index.php/directories/ndongera-lodge/,Ndongera Lodge,https://visitmalawi.mw/wp-content/uploads/2022/09/image-cover2.jpg,Hotel,0,,kelvin@visitmalawi.mw,,,,,MALAWI,,
,4492,https://visitmalawi.mw/index.php/directories/mpamba-stopover-resthouse/,Mpamba Stopover Resthouse,https://visitmalawi.mw/wp-content/uploads/2022/09/image-cover2.jpg,Hotel,0,,kelvin@visitmalawi.mw,,Nkhatabay,Northern Region,,MALAWI,Nkhatabay,
,4491,https://visitmalawi.mw/index.php/directories/mdeka-lodge/,Mdeka Lodge,https://visitmalawi.mw/wp-content/uploads/2022/09/image-cover2.jpg,Hotel,0,,kelvin@visitmalawi.mw,,,,,MALAWI,,
,4489,https://visitmalawi.mw/index.php/directories/chando-lodge/,Chando Lodge,https://visitmalawi.mw/wp-content/uploads/2022/09/image-cover2.jpg,Hotel,0,,kelvin@visitmalawi.mw,,,,,MALAWI,,
,4487,https://visitmalawi.mw/index.php/directories/mangoni-lodge/,Mangoni Lodge,https://visitmalawi.mw/wp-content/uploads/2022/09/image-cover2.jpg,Hotel,0,,kelvin@visitmalawi.mw,,,,,MALAWI,,
,4485,https://visitmalawi.mw/index.php/directories/virginia-lodge/,VIRGINIA LODGE,https://visitmalawi.mw/wp-content/uploads/2022/09/image-cover2.jpg,Hotel,0,,kelvin@visitmalawi.mw,,,,,MALAWI,,
,4483,https://visitmalawi.mw/index.php/directories/matt-thoko-small-lodge/,MATT & THOKO SMALL LODGE,https://visitmalawi.mw/wp-content/uploads/2022/09/image-cover2.jpg,Hotel,0,,kelvin@visitmalawi.mw,,,,,MALAWI,,
,4481,https://visitmalawi.mw/index.php/directories/dear-mama-executive-lodge/,DEAR MAMA EXECUTIVE LODGE,https://visitmalawi.mw/wp-content/uploads/2022/09/image-cover2.jpg,Hotel,0,,kelvin@visitmalawi.mw,,,,,MALAWI,,
,4480,https://visitmalawi.mw/index.php/directories/sputnik-car-hire/,Sputnik Car Hire,https://visitmalawi.mw/wp-content/uploads/2022/09/image-cover2.jpg,Hotel,0,,kelvin@visitmalawi.mw,Box 2315,Lilongwe,Central Region,,MALAWI,Lilongwe,
,4479,https://visitmalawi.mw/index.php/directories/blue-lagoon-lodge/,BLUE LAGOON LODGE,https://visitmalawi.mw/wp-content/uploads/2022/09/image-cover2.jpg,Hotel,0,,kelvin@visitmalawi.mw,,,,,MALAWI,,
,4477,https://visitmalawi.mw/index.php/directories/kwidu-holiday-resort/,Kwidu holiday resort,https://visitmalawi.mw/wp-content/uploads/2022/09/image-cover2.jpg,Hotel,0,,kelvin@visitmalawi.mw,,Mchinji,Central Region,,MALAWI,Mchinji,
,4474,https://visitmalawi.mw/index.php/directories/pumula-lodge/,Pumula Lodge,https://visitmalawi.mw/wp-content/uploads/2022/09/image-cover2.jpg,Hotel,0,,kelvin@visitmalawi.mw,,Mchinji,Central Region,,MALAWI,Mchinji,
,4473,https://visitmalawi.mw/index.php/directories/odini-resthouse/,Odini Resthouse,https://visitmalawi.mw/wp-content/uploads/2022/09/image-cover2.jpg,Hotel,0,,kelvin@visitmalawi.mw,,,,,MALAWI,,
,4470,https://visitmalawi.mw/index.php/directories/lumbili-resthouse/,Lumbili Resthouse,https://visitmalawi.mw/wp-content/uploads/2022/09/image-cover2.jpg,Hotel,0,,kelvin@visitmalawi.mw,,,,,MALAWI,,
,4471,https://visitmalawi.mw/index.php/directories/lumbili-resthouse/,Lumbili Resthouse,https://visitmalawi.mw/wp-content/uploads/2022/09/image-cover2.jpg,Hotel,0,,kelvin@visitmalawi.mw,,,,,MALAWI,,
,4468,https://visitmalawi.mw/index.php/directories/asangalale-resthouse/,Asangalale Resthouse,https://visitmalawi.mw/wp-content/uploads/2022/09/image-cover2.jpg,Hotel,0,,kelvin@visitmalawi.mw,,,,,MALAWI,,
,4466,https://visitmalawi.mw/index.php/directories/victoria/,Victoria,https://visitmalawi.mw/wp-content/uploads/2022/09/image-cover2.jpg,Hotel,0,,kelvin@visitmalawi.mw,,Mchinji,Central Region,,MALAWI,Mchinji,
,4464,https://visitmalawi.mw/index.php/directories/deira-park-lodge/,Deira Park Lodge,https://visitmalawi.mw/wp-content/uploads/2022/09/image-cover2.jpg,Hotel,0,,kelvin@visitmalawi.mw,,Mchinji,Central Region,,MALAWI,Mchinji,
,4465,https://visitmalawi.mw/index.php/directories/deira-park-lodge-2/,Deira Park Lodge,https://visitmalawi.mw/wp-content/uploads/2022/09/image-cover2.jpg,Hotel,0,,kelvin@visitmalawi.mw,,Mchinji,Central Region,,MALAWI,Mchinji,
,4461,https://visitmalawi.mw/index.php/directories/rainbow-resthouse/,Rainbow Resthouse,https://visitmalawi.mw/wp-content/uploads/2022/09/image-cover2.jpg,Hotel,0,,kelvin@visitmalawi.mw,,,,,MALAWI,,
,4460,https://visitmalawi.mw/index.php/directories/vettkate-lodge/,Vettkate Lodge,https://visitmalawi.mw/wp-content/uploads/2022/09/image-cover2.jpg,Hotel,0,,kelvin@visitmalawi.mw,,Nkhatabay,Northern Region,,MALAWI,Nkhatabay,
,4459,https://visitmalawi.mw/index.php/directories/everc-executive-lodge/,Everc Executive Lodge,https://visitmalawi.mw/wp-content/uploads/2022/09/image-cover2.jpg,Hotel,0,,kelvin@visitmalawi.mw,,,,,MALAWI,,
,4458,https://visitmalawi.mw/index.php/directories/tiyeseko-motel/,Tiyeseko Motel,https://visitmalawi.mw/wp-content/uploads/2022/09/image-cover2.jpg,Hotel,0,,kelvin@visitmalawi.mw,,Mchinji,Central Region,,MALAWI,Mchinji,
,4457,https://visitmalawi.mw/index.php/directories/shukurani-resthouse/,Shukurani Resthouse,https://visitmalawi.mw/wp-content/uploads/2022/09/image-cover2.jpg,Hotel,0,,kelvin@visitmalawi.mw,,,Central Region,,MCHINJI,,
,4456,https://visitmalawi.mw/index.php/directories/dedza-mountain-view-lodge/,Dedza Mountain View Lodge,https://visitmalawi.mw/wp-content/uploads/2022/09/image-cover2.jpg,Hotel,0,,kelvin@visitmalawi.mw,,Dedza,Central Region,,MALAWI,Dedza,
,4454,https://visitmalawi.mw/index.php/directories/shalom-resthouse/,Shalom Resthouse,https://visitmalawi.mw/wp-content/uploads/2022/09/image-cover2.jpg,Hotel,0,,kelvin@visitmalawi.mw,,Mchinji,Central Region,,MALAWI,Mchinji,
,4453,https://visitmalawi.mw/index.php/directories/fwasani-chumandimphepo-resthouse/,Fwasani Chumandimphepo Resthouse,https://visitmalawi.mw/wp-content/uploads/2022/09/image-cover2.jpg,Hotel,0,,kelvin@visitmalawi.mw,,Nkhatabay,Northern Region,,MALAWI,Nkhatabay,
,4452,https://visitmalawi.mw/index.php/directories/footsteps-mabushi-lodge/,Footsteps Mabushi Lodge,https://visitmalawi.mw/wp-content/uploads/2022/09/image-cover2.jpg,Hotel,0,,kelvin@visitmalawi.mw,,,,,MALAWI,,
,4451,https://visitmalawi.mw/index.php/directories/kwathu-boutique-hotels/,Kwathu Boutique Hotels,https://visitmalawi.mw/wp-content/uploads/2022/09/image-cover2.jpg,Hotel,0,,kelvin@visitmalawi.mw,,,,,MALAWI,,
,4450,https://visitmalawi.mw/index.php/directories/rewards-lodge/,Rewards Lodge,https://visitmalawi.mw/wp-content/uploads/2022/09/image-cover2.jpg,Hotel,0,,kelvin@visitmalawi.mw,,Nchinji,Central Region,,MALAWI,Nchinji,
,4449,https://visitmalawi.mw/index.php/directories/sikekete-resthouse/,Sikekete Resthouse,https://visitmalawi.mw/wp-content/uploads/2022/09/image-cover2.jpg,Hotel,0,,kelvin@visitmalawi.mw,,,,,MALAWI,,
,4448,https://visitmalawi.mw/index.php/directories/panjira-lodge/,Panjira Lodge,https://visitmalawi.mw/wp-content/uploads/2022/09/image-cover2.jpg,Hotel,0,,kelvin@visitmalawi.mw,,,,,MALAWI,,
,4447,https://visitmalawi.mw/index.php/directories/comfort-lodge/,Comfort Lodge,https://visitmalawi.mw/wp-content/uploads/2022/09/image-cover2.jpg,Hotel,0,,kelvin@visitmalawi.mw,,,,,MALAWI,,
,4446,https://visitmalawi.mw/index.php/directories/destiny-lodge/,Destiny Lodge,https://visitmalawi.mw/wp-content/uploads/2022/09/image-cover2.jpg,Hotel,0,,kelvin@visitmalawi.mw,,,,,MALAWI,,
,4445,https://visitmalawi.mw/index.php/directories/mapiri-country-lodge/,Mapiri Country Lodge,https://visitmalawi.mw/wp-content/uploads/2022/09/image-cover2.jpg,Hotel,0,,kelvin@visitmalawi.mw,,,,,MALAWI,,
,4444,https://visitmalawi.mw/index.php/directories/executive-isomelha-guesthouse/,Executive Isomelha Guesthouse,https://visitmalawi.mw/wp-content/uploads/2022/09/image-cover2.jpg,Hotel,0,,kelvin@visitmalawi.mw,,Dedza,Central Region,,MALAWI,Dedza,
,4443,https://visitmalawi.mw/index.php/directories/dedza-pottery-and-lodge/,Dedza Pottery and Lodge,https://visitmalawi.mw/wp-content/uploads/2022/09/image-cover2.jpg,Hotel,0,,kelvin@visitmalawi.mw,,Dedza,Central Region,,MALAWI,Dedza,
,4442,https://visitmalawi.mw/index.php/directories/butterfly-space/,Butterfly Space,https://visitmalawi.mw/wp-content/uploads/2022/09/image-cover2.jpg,Hotel,0,,kelvin@visitmalawi.mw,,Nkhatabay,Northern Region,,MALAWI,Nkhatabay,
,4441,https://visitmalawi.mw/index.php/directories/nkhatabay-lodge/,Nkhatabay Lodge,https://visitmalawi.mw/wp-content/uploads/2022/09/image-cover2.jpg,Hotel,0,,kelvin@visitmalawi.mw,,Nkhatabay,Northern Region,,MALAWI,Nkhatabay,
,4440,https://visitmalawi.mw/index.php/directories/ilala-bay-lodge/,Ilala Bay Lodge,https://visitmalawi.mw/wp-content/uploads/2022/09/image-cover2.jpg,Hotel,0,,kelvin@visitmalawi.mw,,Nkhatabay,Northern Region,,MALAWI,Nkhatabay,
,4439,https://visitmalawi.mw/index.php/directories/mayoka-beach-lodge/,Mayoka Beach Lodge,https://visitmalawi.mw/wp-content/uploads/2022/09/image-cover2.jpg,Hotel,0,,kelvin@visitmalawi.mw,,Nkhatabay,Northern Region,,MALAWI,Nkhatabay,
,4438,https://visitmalawi.mw/index.php/directories/nkolokosa-guesthouse/,Nkolokosa Guesthouse,https://visitmalawi.mw/wp-content/uploads/2022/09/image-cover2.jpg,Hotel,0,,kelvin@visitmalawi.mw,,Mchinji,Central Region,,MALAWI,Mchinji,
,4437,https://visitmalawi.mw/index.php/directories/kwathu-loge-2/,Kwathu Loge,https://visitmalawi.mw/wp-content/uploads/2022/09/image-cover2.jpg,Hotel,0,,kelvin@visitmalawi.mw,,Mchinji,Northern Region,,MALAWI,Mchinji,
,4436,https://visitmalawi.mw/index.php/directories/maula-guesthouse/,Maula Guesthouse,https://visitmalawi.mw/wp-content/uploads/2022/09/image-cover2.jpg,Hotel,0,,kelvin@visitmalawi.mw,,Mchinji,Central Region,,MALAWI,Mchinji,
,4435,https://visitmalawi.mw/index.php/directories/kalambwe-lodge/,Kalambwe Lodge,https://visitmalawi.mw/wp-content/uploads/2022/09/image-cover2.jpg,Hotel,0,,kelvin@visitmalawi.mw,,Nkhatabay,Northern Region,,MALAWI,Nkhatabay,
,4433,https://visitmalawi.mw/index.php/directories/mtendere-travellers-lodge/,Mtendere Travellers Lodge,https://visitmalawi.mw/wp-content/uploads/2022/09/image-cover2.jpg,Hotel,0,,kelvin@visitmalawi.mw,,Nkhatabay,Northern Region,,MALAWI,Nkhatabay,
,4432,https://visitmalawi.mw/index.php/directories/white-sands-retreat/,White Sands Retreat,https://visitmalawi.mw/wp-content/uploads/2022/09/image-cover2.jpg,Hotel,0,,kelvin@visitmalawi.mw,,Nkhatabay,Northern Region,,MALAWI,Nkhatabay,
,4431,https://visitmalawi.mw/index.php/directories/dumuwa-lodge/,Dumuwa Lodge,https://visitmalawi.mw/wp-content/uploads/2022/09/image-cover2.jpg,Hotel,0,,kelvin@visitmalawi.mw,,Nkhatabay,Northern Region,,MALAWI,Nkhatabay,
,4430,https://visitmalawi.mw/index.php/directories/chatonda-beach-lodge/,Chatonda Beach Lodge,https://visitmalawi.mw/wp-content/uploads/2022/09/image-cover2.jpg,Hotel,0,,kelvin@visitmalawi.mw,,Nkhatabay,Northern Region,,MALAWI,Nkhatabay,
,4429,https://visitmalawi.mw/index.php/directories/alinafe-resthouse/,Alinafe Resthouse,https://visitmalawi.mw/wp-content/uploads/2022/09/image-cover2.jpg,Hotel,0,,kelvin@visitmalawi.mw,,,,,MALAWI,,
,4428,https://visitmalawi.mw/index.php/directories/grand-view-lodge/,Grand View Lodge,https://visitmalawi.mw/wp-content/uploads/2022/09/image-cover2.jpg,Hotel,0,,kelvin@visitmalawi.mw,,,,,MALAWI,,
,4427,https://visitmalawi.mw/index.php/directories/atlantic-lodge/,Atlantic Lodge,https://visitmalawi.mw/wp-content/uploads/2022/09/image-cover2.jpg,Hotel,0,,kelvin@visitmalawi.mw,,,,,MALAWI,,
,4426,https://visitmalawi.mw/index.php/directories/kk-highway-executive-lodge/,KK Highway Executive Lodge,https://visitmalawi.mw/wp-content/uploads/2022/09/image-cover2.jpg,Hotel,0,,kelvin@visitmalawi.mw,,,,,MALAWI,,
,4425,https://visitmalawi.mw/index.php/directories/zaji-guesthouse/,Zaji Guesthouse,https://visitmalawi.mw/wp-content/uploads/2022/09/image-cover2.jpg,Hotel,0,,kelvin@visitmalawi.mw,,,,,MALAWI,,
,4424,https://visitmalawi.mw/index.php/directories/yanuyanu-lodge/,Yanuyanu Lodge,https://visitmalawi.mw/wp-content/uploads/2022/09/image-cover2.jpg,Hotel,0,,kelvin@visitmalawi.mw,,,,,MALAWI,,
,4423,https://visitmalawi.mw/index.php/directories/yamikani-resthouse/,Yamikani Resthouse,https://visitmalawi.mw/wp-content/uploads/2022/09/image-cover2.jpg,Hotel,0,,kelvin@visitmalawi.mw,,,,,MALAWI,,
,4422,https://visitmalawi.mw/index.php/directories/sunbird-chintheche-inn/,Sunbird Chintheche Inn,https://visitmalawi.mw/wp-content/uploads/2022/09/image-cover2.jpg,Hotel,0,,kelvin@visitmalawi.mw,,Nkhatabay,Northern Region,,MALAWI,Nkhatabay,
,4421,https://visitmalawi.mw/index.php/directories/rafiki-safari-camp/,Rafiki Safari Camp,https://visitmalawi.mw/wp-content/uploads/2022/09/image-cover2.jpg,Hotel,0,,kelvin@visitmalawi.mw,,Nkhotakota,Northern Region,,MALAWI,Nkhotakota,
,4419,https://visitmalawi.mw/index.php/directories/mukhala-beach-resort/,Mukhala Beach Resort,https://visitmalawi.mw/wp-content/uploads/2022/09/image-cover2.jpg,Hotel,0,,kelvin@visitmalawi.mw,,Nkhatabay,Northern Region,,MALAWI,Nkhatabay,
,4417,https://visitmalawi.mw/index.php/directories/bua-river/,BUA River,https://visitmalawi.mw/wp-content/uploads/2022/09/image-cover2.jpg,Hotel,0,,kelvin@visitmalawi.mw,,Nkhotakota,Northern Region,,MALAWI,Nkhotakota,
,4416,https://visitmalawi.mw/index.php/directories/welani-resthouse/,Welani Resthouse,https://visitmalawi.mw/wp-content/uploads/2022/09/image-cover2.jpg,Hotel,0,,kelvin@visitmalawi.mw,,Nkhatabay,Northern Region,,MALAWI,Nkhatabay,
,4414,https://visitmalawi.mw/index.php/directories/kande-horse-trails-limited/,Kande Horse Trails Limited,https://visitmalawi.mw/wp-content/uploads/2022/09/image-cover2.jpg,Hotel,0,,kelvin@visitmalawi.mw,,Chintheche,Northern Region,Nkhatabay,MALAWI,Chintheche,
,4412,https://visitmalawi.mw/index.php/directories/tongole-wilderness-lodge/,Tongole Wilderness Lodge,https://visitmalawi.mw/wp-content/uploads/2022/09/image-cover2.jpg,Hotel,0,,kelvin@visitmalawi.mw,,Nkhotakota,Northern Region,,MALAWI,Nkhotakota,
,4410,https://visitmalawi.mw/index.php/directories/kaweta-cottage/,Kaweta Cottage,https://visitmalawi.mw/wp-content/uploads/2022/09/image-cover2.jpg,Hotel,0,,kelvin@visitmalawi.mw,,Mzuzu,Northern Region,,MALAWI,Mzuzu,
,4409,https://visitmalawi.mw/index.php/directories/thokozire-lodge/,Thokozire Lodge,https://visitmalawi.mw/wp-content/uploads/2022/09/image-cover2.jpg,Hotel,0,,kelvin@visitmalawi.mw,,,,,MALAWI,,
,4408,https://visitmalawi.mw/index.php/directories/superior-resthouse/,Superior Resthouse,https://visitmalawi.mw/wp-content/uploads/2022/09/image-cover2.jpg,Hotel,0,,kelvin@visitmalawi.mw,,,,,MALAWI,,
,4407,https://visitmalawi.mw/index.php/directories/la-exotica-lodge-2/,La Exotica Lodge,https://visitmalawi.mw/wp-content/uploads/2022/09/image-cover2.jpg,Hotel,0,,kelvin@visitmalawi.mw,,Nkhatabay,Northern Region,,MALAWI,Nkhatabay,
,4405,https://visitmalawi.mw/index.php/directories/mango-beach-lodge/,Mango Beach Lodge,https://visitmalawi.mw/wp-content/uploads/2022/09/image-cover2.jpg,Hotel,0,,kelvin@visitmalawi.mw,,,,,MALAWI,,
,4404,https://visitmalawi.mw/index.php/directories/sambani-lodge/,Sambani Lodge,https://visitmalawi.mw/wp-content/uploads/2022/09/image-cover2.jpg,Hotel,0,,kelvin@visitmalawi.mw,,Nkhatabay,Northern Region,,MALAWI,Nkhatabay,
,4403,https://visitmalawi.mw/index.php/directories/fish-eagle-bay-lodge/,Fish Eagle bay Lodge,https://visitmalawi.mw/wp-content/uploads/2022/09/image-cover2.jpg,Hotel,0,,kelvin@visitmalawi.mw,,Nkhotakota,Northern Region,,MALAWI,Nkhotakota,
,4401,https://visitmalawi.mw/index.php/directories/mulungu-samana-resthouse/,Mulungu Samana Resthouse,https://visitmalawi.mw/wp-content/uploads/2022/09/image-cover2.jpg,Hotel,0,,kelvin@visitmalawi.mw,,Nkhatabay,Northern Region,,MALAWI,Nkhatabay,
,4399,https://visitmalawi.mw/index.php/directories/msondozi-beach-lodge/,Msondozi Beach Lodge,https://visitmalawi.mw/wp-content/uploads/2022/09/image-cover2.jpg,Hotel,0,,kelvin@visitmalawi.mw,,Nkhatabay,Northern Region,,MALAWI,Nkhatabay,
,4396,https://visitmalawi.mw/index.php/directories/aucha-lodge/,Aucha Lodge,https://visitmalawi.mw/wp-content/uploads/2022/09/image-cover2.jpg,Hotel,0,,kelvin@visitmalawi.mw,,Mzuzu,Northern Region,,MALAWI,Mzuzu,
,4394,https://visitmalawi.mw/index.php/directories/lolos-lodge/,Lolo's Lodge,https://visitmalawi.mw/wp-content/uploads/2022/09/image-cover2.jpg,Hotel,0,,kelvin@visitmalawi.mw,,Mzuzu,Northern Region,,MALAWI,Mzuzu,
,4393,https://visitmalawi.mw/index.php/directories/midlands-guesthouse/,Midlands Guesthouse,https://visitmalawi.mw/wp-content/uploads/2022/09/image-cover2.jpg,Hotel,0,,kelvin@visitmalawi.mw,,Mzuzu,Northern Region,,MALAWI,Mzuzu,
,4392,https://visitmalawi.mw/index.php/directories/wukani-guesthouse/,Wukani Guesthouse,https://visitmalawi.mw/wp-content/uploads/2022/09/image-cover2.jpg,Hotel,0,,kelvin@visitmalawi.mw,,Mzuzu,Northern Region,,MALAWI,Mzuzu,
,4389,https://visitmalawi.mw/index.php/directories/nkhotakota-pottery-lodge/,Nkhotakota Pottery Lodge,https://visitmalawi.mw/wp-content/uploads/2022/09/image-cover2.jpg,Hotel,0,,kelvin@visitmalawi.mw,,Nkhotakota,Northern Region,,MALAWI,Nkhotakota,
,4384,https://visitmalawi.mw/index.php/directories/mwafika-executive-lodge/,Mwafika Executive Lodge,https://visitmalawi.mw/wp-content/uploads/2022/09/image-cover2.jpg,Hotel,0,,kelvin@visitmalawi.mw,,Mzuzu,Northern Region,,MALAWI,Mzuzu,
,4383,https://visitmalawi.mw/index.php/directories/flame-tree-guesthouse/,Flame Tree Guesthouse,https://visitmalawi.mw/wp-content/uploads/2022/09/image-cover2.jpg,Hotel,0,,kelvin@visitmalawi.mw,,Mzuzu,Northern Region,,MALAWI,Mzuzu,
,4381,https://visitmalawi.mw/index.php/directories/diplomat-guesthouse/,Diplomat Guesthouse,https://visitmalawi.mw/wp-content/uploads/2022/09/image-cover2.jpg,Hotel,0,,kelvin@visitmalawi.mw,,Mzuzu,Northern Region,,MALAWI,Mzuzu,
,4382,https://visitmalawi.mw/index.php/directories/diplomat-guesthouse/,Diplomat Guesthouse,https://visitmalawi.mw/wp-content/uploads/2022/09/image-cover2.jpg,Hotel,0,,kelvin@visitmalawi.mw,,Mzuzu,Northern Region,,MALAWI,Mzuzu,
,4380,https://visitmalawi.mw/index.php/directories/zingilirani-resthouse/,Zingilirani Resthouse,https://visitmalawi.mw/wp-content/uploads/2022/09/image-cover2.jpg,Hotel,0,,kelvin@visitmalawi.mw,,Mzuzu,Northern Region,,MALAWI,Mzuzu,
,4379,https://visitmalawi.mw/index.php/directories/mzuzu-coffee-den/,Mzuzu Coffee Den,https://visitmalawi.mw/wp-content/uploads/2022/09/image-cover2.jpg,Hotel,0,,kelvin@visitmalawi.mw,,Mzuzu,Northern Region,,MALAWI,Mzuzu,
,4378,https://visitmalawi.mw/index.php/directories/kaka-motel/,Kaka Motel,https://visitmalawi.mw/wp-content/uploads/2022/09/image-cover2.jpg,Hotel,0,,kelvin@visitmalawi.mw,,Mzuzu,Northern Region,,MALAWI,Mzuzu,
,4377,https://visitmalawi.mw/index.php/directories/paramount-lodge/,Paramount Lodge,https://visitmalawi.mw/wp-content/uploads/2022/09/image-cover2.jpg,Hotel,0,,kelvin@visitmalawi.mw,,Mzuzu,Northern Region,,MALAWI,Mzuzu,
,4375,https://visitmalawi.mw/index.php/directories/royal-garden-lodge/,Royal Garden Lodge,https://visitmalawi.mw/wp-content/uploads/2022/09/image-cover2.jpg,Hotel,0,,kelvin@visitmalawi.mw,,Mzuzu,Northern Region,,MALAWI,Mzuzu,
,4374,https://visitmalawi.mw/index.php/directories/ennies-lodge/,Ennies Lodge,https://visitmalawi.mw/wp-content/uploads/2022/09/image-cover2.jpg,Hotel,0,,kelvin@visitmalawi.mw,,Mzuzu,Northern Region,,MALAWI,Mzuzu,
,4373,https://visitmalawi.mw/index.php/directories/namizu-lodge/,Namizu Lodge,https://visitmalawi.mw/wp-content/uploads/2022/09/image-cover2.jpg,Hotel,0,,kelvin@visitmalawi.mw,,Mzuzu.,Northern Region,,MALAWI,Mzuzu.,
,4372,https://visitmalawi.mw/index.php/directories/chisusu-peace-garden-lodge/,Chisusu Peace Garden Lodge,https://visitmalawi.mw/wp-content/uploads/2022/09/image-cover2.jpg,Hotel,0,,kelvin@visitmalawi.mw,,Mzuzu,Northern Region,,MALAWI,Mzuzu,
,4371,https://visitmalawi.mw/index.php/directories/pine-tree-lodge-2/,Pine Tree Lodge,https://visitmalawi.mw/wp-content/uploads/2022/09/image-cover2.jpg,Hotel,0,,kelvin@visitmalawi.mw,,Mzuzu,Northern Region,,MALAWI,Mzuzu,
,4370,https://visitmalawi.mw/index.php/directories/pine-tree-lodge/,Pine Tree Lodge,https://visitmalawi.mw/wp-content/uploads/2022/09/image-cover2.jpg,Hotel,0,,kelvin@visitmalawi.mw,,Mzuzu,Northern Region,,MALAWI,Mzuzu,
,4369,https://visitmalawi.mw/index.php/directories/mzuzu-tourist-lodge/,Mzuzu Tourist Lodge,https://visitmalawi.mw/wp-content/uploads/2022/09/image-cover2.jpg,Hotel,0,,kelvin@visitmalawi.mw,,Mzuzu,Northern Region,,MALAWI,Mzuzu,
,4368,https://visitmalawi.mw/index.php/directories/dm-resthouse/,D&M Resthouse,https://visitmalawi.mw/wp-content/uploads/2022/09/image-cover2.jpg,Hotel,0,,kelvin@visitmalawi.mw,,Mzuzu,Northern Region,,MALAWI,Mzuzu,
,4367,https://visitmalawi.mw/index.php/directories/chisanga-lodge/,Chisanga Lodge,https://visitmalawi.mw/wp-content/uploads/2022/09/image-cover2.jpg,Hotel,0,,kelvin@visitmalawi.mw,,Mzuzu,Northern Region,,MALAWI,Mzuzu,
,4366,https://visitmalawi.mw/index.php/directories/green-valley-lodge/,Green Valley Lodge,https://visitmalawi.mw/wp-content/uploads/2022/09/image-cover2.jpg,Hotel,0,,kelvin@visitmalawi.mw,,Mzuzu,Northern Region,,MALAWI,Mzuzu,
,4365,https://visitmalawi.mw/index.php/directories/jumac-golden-lodge-2/,Jumac Golden Lodge,https://visitmalawi.mw/wp-content/uploads/2022/09/image-cover2.jpg,Hotel,0,,kelvin@visitmalawi.mw,,Mzuzu,Northern Region,,MALAWI,Mzuzu,
,4363,https://visitmalawi.mw/index.php/directories/kumbale-resthouse/,Kumbale Resthouse,https://visitmalawi.mw/wp-content/uploads/2022/09/image-cover2.jpg,Hotel,0,,kelvin@visitmalawi.mw,,Mzuzu,Northern Region,,MALAWI,Mzuzu,
,4362,https://visitmalawi.mw/index.php/directories/fazaz-lodge-2/,Fazaz Lodge,https://visitmalawi.mw/wp-content/uploads/2022/09/image-cover2.jpg,Hotel,0,,kelvin@visitmalawi.mw,,Mzuzu,Northern Region,,MALAWI,Mzuzu,
,4361,https://visitmalawi.mw/index.php/directories/njakwa-village-lodge/,Njakwa Village Lodge,https://visitmalawi.mw/wp-content/uploads/2022/09/image-cover2.jpg,Hotel,0,,kelvin@visitmalawi.mw,,Mzuzu,Northern Region,,MALAWI,Mzuzu,
,4360,https://visitmalawi.mw/index.php/directories/foot-print-lounge/,Foot Print Lounge,https://visitmalawi.mw/wp-content/uploads/2022/09/image-cover2.jpg,Hotel,0,,kelvin@visitmalawi.mw,,Mzuzu,Northern Region,,MALAWI,Mzuzu,
,4359,https://visitmalawi.mw/index.php/directories/white-sand-lodge-2/,White Sand Lodge,https://visitmalawi.mw/wp-content/uploads/2022/09/image-cover2.jpg,Hotel,0,,kelvin@visitmalawi.mw,,Mzuzu,Northern Region,,MALAWI,Mzuzu,
,4358,https://visitmalawi.mw/index.php/directories/white-sand-lodge/,White Sand Lodge,https://visitmalawi.mw/wp-content/uploads/2022/09/image-cover2.jpg,Hotel,0,,kelvin@visitmalawi.mw,,Mzuzu,Northern Region,,MALAWI,Mzuzu,
,4357,https://visitmalawi.mw/index.php/directories/salphur-suites/,Salphur Suites,https://visitmalawi.mw/wp-content/uploads/2022/09/image-cover2.jpg,Hotel,0,,kelvin@visitmalawi.mw,,Mzuzu,Northern Region,,MALAWI,Mzuzu,
,4356,https://visitmalawi.mw/index.php/directories/acm-premier-lodge/,ACM Premier Lodge,https://visitmalawi.mw/wp-content/uploads/2022/09/image-cover2.jpg,Hotel,0,,kelvin@visitmalawi.mw,,Mzuzu,Northern Region,,MALAWI,Mzuzu,
,4355,https://visitmalawi.mw/index.php/directories/uchizi-lodge-2/,Uchizi Lodge,https://visitmalawi.mw/wp-content/uploads/2022/09/image-cover2.jpg,Hotel,0,,kelvin@visitmalawi.mw,,Mzuzu,Northern Region,,MALAWI,Mzuzu,
,4353,https://visitmalawi.mw/index.php/directories/moni-lodge-2/,Moni Lodge,https://visitmalawi.mw/wp-content/uploads/2022/09/image-cover2.jpg,Hotel,0,,kelvin@visitmalawi.mw,,Mzuzu,Northern Region,,MALAWI,Mzuzu,
,4352,https://visitmalawi.mw/index.php/directories/moni-lodge/,Moni Lodge,https://visitmalawi.mw/wp-content/uploads/2022/09/image-cover2.jpg,Hotel,0,,kelvin@visitmalawi.mw,,Mzuzu,Northern Region,,MALAWI,Mzuzu,
,4351,https://visitmalawi.mw/index.php/directories/ilala-cres-lodge/,Ilala Cres Lodge,https://visitmalawi.mw/wp-content/uploads/2022/09/image-cover2.jpg,Hotel,0,,kelvin@visitmalawi.mw,,Mzuzu,Northern Region,,MALAWI,Mzuzu,
,4350,https://visitmalawi.mw/index.php/directories/dhubus-lodge/,Dhubu's Lodge,https://visitmalawi.mw/wp-content/uploads/2022/09/image-cover2.jpg,Hotel,0,,kelvin@visitmalawi.mw,,Mzuzu,Northern Region,,MALAWI,Mzuzu,
,4349,https://visitmalawi.mw/index.php/directories/ngomambi/,Ngomambi,https://visitmalawi.mw/wp-content/uploads/2022/09/image-cover2.jpg,Hotel,0,,kelvin@visitmalawi.mw,,Mzuzu,Northern Region,,MALAWI,Mzuzu,
,4348,https://visitmalawi.mw/index.php/directories/zikomo-guesthouse/,Zikomo Guesthouse,https://visitmalawi.mw/wp-content/uploads/2022/09/image-cover2.jpg,Hotel,0,,kelvin@visitmalawi.mw,,Mzuzu,Northern Region,,MALAWI,Mzuzu,
,4347,https://visitmalawi.mw/index.php/directories/vuna-lodge-3/,Vuna Lodge,https://visitmalawi.mw/wp-content/uploads/2022/09/image-cover2.jpg,Hotel,0,,kelvin@visitmalawi.mw,,Mzuzu,Northern Region,,MALAWI,Mzuzu,
,4346,https://visitmalawi.mw/index.php/directories/vuna-lodge-2/,Vuna Lodge,https://visitmalawi.mw/wp-content/uploads/2022/09/image-cover2.jpg,Hotel,0,,kelvin@visitmalawi.mw,,Mzuzu,Northern Region,,MALAWI,Mzuzu,
,4345,https://visitmalawi.mw/index.php/directories/vuna-lodge/,Vuna Lodge,https://visitmalawi.mw/wp-content/uploads/2022/09/image-cover2.jpg,Hotel,0,,kelvin@visitmalawi.mw,,Mzuzu,Northern Region,,MALAWI,Mzuzu,
,4344,https://visitmalawi.mw/index.php/directories/gogosama-lodge/,Gogosama Lodge,https://visitmalawi.mw/wp-content/uploads/2022/09/image-cover2.jpg,Hotel,0,,kelvin@visitmalawi.mw,,Mzuzu,Northern Region,,MALAWI,Mzuzu,
,4343,https://visitmalawi.mw/index.php/directories/macondo-camp/,Macondo Camp,https://visitmalawi.mw/wp-content/uploads/2022/09/image-cover2.jpg,Hotel,0,,kelvin@visitmalawi.mw,,Mzuzu,Northern Region,,MALAWI,Mzuzu,
,4342,https://visitmalawi.mw/index.php/directories/chatonda-lodge/,Chatonda Lodge,https://visitmalawi.mw/wp-content/uploads/2022/09/image-cover2.jpg,Hotel,0,,kelvin@visitmalawi.mw,,Mzuzu,Northern Region,,MALAWI,Mzuzu,
,4341,https://visitmalawi.mw/index.php/directories/mzuzu-coffe-suites/,Mzuzu Coffe Suites,https://visitmalawi.mw/wp-content/uploads/2022/09/image-cover2.jpg,Hotel,0,,kelvin@visitmalawi.mw,,Mzuzu,Northern Region,,MALAWI,Mzuzu,
,4340,https://visitmalawi.mw/index.php/directories/tukuphire-lodge-2/,Tukuphire Lodge,https://visitmalawi.mw/wp-content/uploads/2022/09/image-cover2.jpg,Hotel,0,,kelvin@visitmalawi.mw,,Mzuzu,Lilongwe,,MALAWI,Mzuzu,
,4339,https://visitmalawi.mw/index.php/directories/tukuphire-lodge/,Tukuphire Lodge,https://visitmalawi.mw/wp-content/uploads/2022/09/image-cover2.jpg,Hotel,0,,kelvin@visitmalawi.mw,,Mzuzu,Lilongwe,,MALAWI,Mzuzu,
,4338,https://visitmalawi.mw/index.php/directories/tovwirane-lodge/,Tovwirane Lodge,https://visitmalawi.mw/wp-content/uploads/2022/09/image-cover2.jpg,Hotel,0,,kelvin@visitmalawi.mw,,Mzuzu,Northern Region,,MALAWI,Mzuzu,
,4337,https://visitmalawi.mw/index.php/directories/nkhafu-executive-lodge/,Nkhafu Executive Lodge,https://visitmalawi.mw/wp-content/uploads/2022/09/image-cover2.jpg,Hotel,0,,kelvin@visitmalawi.mw,,Mzuzu,Northern Region,,MALAWI,Mzuzu,
,4336,https://visitmalawi.mw/index.php/directories/twilight-lodge/,Twilight Lodge,https://visitmalawi.mw/wp-content/uploads/2022/09/image-cover2.jpg,Hotel,0,,kelvin@visitmalawi.mw,,Mzuzu,Northern Region,,MALAWI,Mzuzu,
,4335,https://visitmalawi.mw/index.php/directories/kimis-lodge/,Kimis Lodge,https://visitmalawi.mw/wp-content/uploads/2022/09/image-cover2.jpg,Hotel,0,,kelvin@visitmalawi.mw,,Mzuzu,Northern Region,,MALAWI,Mzuzu,
,4334,https://visitmalawi.mw/index.php/directories/emmaculate-lodge/,Emmaculate Lodge,https://visitmalawi.mw/wp-content/uploads/2022/09/image-cover2.jpg,Hotel,0,,kelvin@visitmalawi.mw,,Mzuzu,Northern Region,,MALAWI,Mzuzu,
,4333,https://visitmalawi.mw/index.php/directories/mphatso-motel/,Mphatso Motel,https://visitmalawi.mw/wp-content/uploads/2022/09/image-cover2.jpg,Hotel,0,,kelvin@visitmalawi.mw,,Mzuzu,Northern Region,,MALAWI,Mzuzu,
,4332,https://visitmalawi.mw/index.php/directories/dziwazako-lodge/,Dziwazako Lodge,https://visitmalawi.mw/wp-content/uploads/2022/09/image-cover2.jpg,Hotel,0,,kelvin@visitmalawi.mw,,Mzuzu,Northern Region,,MALAWI,Mzuzu,
,4331,https://visitmalawi.mw/index.php/directories/ppkl-resthouse/,PPKL Resthouse,https://visitmalawi.mw/wp-content/uploads/2022/09/image-cover2.jpg,Hotel,0,,kelvin@visitmalawi.mw,,Mzuzu City,Northern Region,,MALAWI,Mzuzu City,
,4330,https://visitmalawi.mw/index.php/directories/aunt-tina-stone-house-lodge-2/,Aunt tina Stone House Lodge,https://visitmalawi.mw/wp-content/uploads/2022/09/image-cover2.jpg,Hotel,0,,kelvin@visitmalawi.mw,,Mzuzu,Northern Region,,MALAWI,Mzuzu,
,4329,https://visitmalawi.mw/index.php/directories/aunt-tina-stone-house-lodge/,Aunt tina Stone House Lodge,https://visitmalawi.mw/wp-content/uploads/2022/09/image-cover2.jpg,Hotel,0,,kelvin@visitmalawi.mw,,,,,,,
,4328,https://visitmalawi.mw/index.php/directories/ulemu-guesthouse-2/,Ulemu Guesthouse,https://visitmalawi.mw/wp-content/uploads/2022/09/image-cover2.jpg,Hotel,0,,kelvin@visitmalawi.mw,,Mzuzu,Nothern Region,,MALAWI,Mzuzu,
,4327,https://visitmalawi.mw/index.php/directories/chibanja-city-resthouse/,Chibanja City Resthouse,https://visitmalawi.mw/wp-content/uploads/2022/09/image-cover2.jpg,Hotel,0,,kelvin@visitmalawi.mw,,Mzuzu,Northern Region,,MALAWI,Mzuzu,
,4325,https://visitmalawi.mw/index.php/directories/julats-superior-lodge-2/,Julats superior lodge,https://visitmalawi.mw/wp-content/uploads/2022/09/image-cover2.jpg,Hotel,0,,kelvin@visitmalawi.mw,,Mchinji,Northern Region,,MALAWI,Mchinji,
,4324,https://visitmalawi.mw/index.php/directories/julats-superior-lodge/,Julats superior lodge,https://visitmalawi.mw/wp-content/uploads/2022/09/image-cover2.jpg,Hotel,0,,kelvin@visitmalawi.mw,,Mchinji,Northern Region,,MALAWI,Mchinji,
,4323,https://visitmalawi.mw/index.php/directories/orbit-travel/,Orbit Travel,https://visitmalawi.mw/wp-content/uploads/2022/09/image-cover2.jpg,Hotel,0,,kelvin@visitmalawi.mw,,Lilongwe,Central Region,,MALAWI,Lilongwe,
,4322,https://visitmalawi.mw/index.php/directories/dwangwa-club/,Dwangwa Club,https://visitmalawi.mw/wp-content/uploads/2022/09/image-cover2.jpg,Hotel,0,,kelvin@visitmalawi.mw,,Nkhotakota,Northern Region,,MALAWI,Nkhotakota,
,4321,https://visitmalawi.mw/index.php/directories/rsg-travel-lines-ltd/,RSG Travel Lines Ltd,https://visitmalawi.mw/wp-content/uploads/2022/09/image-cover2.jpg,Hotel,0,,kelvin@visitmalawi.mw,,Lilongwe,Central Region,,MALAWI,Lilongwe,
,4320,https://visitmalawi.mw/index.php/directories/grace-lodge-1/,Grace Lodge 1,https://visitmalawi.mw/wp-content/uploads/2022/09/image-cover2.jpg,Hotel,0,,kelvin@visitmalawi.mw,,Mchinji,Central Region,,MALAWI,Mchinji,
,4319,https://visitmalawi.mw/index.php/directories/ngala-beach-lodge/,Ngala Beach Lodge,https://visitmalawi.mw/wp-content/uploads/2022/09/image-cover2.jpg,Hotel,0,,kelvin@visitmalawi.mw,,Nkhotakota,Northern Region,,MALAWI,Nkhotakota,
,4318,https://visitmalawi.mw/index.php/directories/grace-lodge-3/,Grace Lodge 3,https://visitmalawi.mw/wp-content/uploads/2022/09/image-cover2.jpg,Hotel,0,,kelvin@visitmalawi.mw,,Mchinji,Central Region,,MALAWI,Mchinji,
,4280,https://visitmalawi.mw/index.php/directories/techgaf-lodge/,TECHGAF Lodge,https://visitmalawi.mw/wp-content/uploads/2022/09/image-cover2.jpg,Hotel,0,,kelvin@visitmalawi.mw,,,,,MALAWI,,
,4279,https://visitmalawi.mw/index.php/directories/grace-classic-lodge/,Grace Classic Lodge,https://visitmalawi.mw/wp-content/uploads/2022/09/image-cover2.jpg,Hotel,0,,kelvin@visitmalawi.mw,,Mchinji,Central Region,,MALAWI,Mchinji,
,4277,https://visitmalawi.mw/index.php/directories/anord-guesthouse/,Anord Guesthouse,https://visitmalawi.mw/wp-content/uploads/2022/09/image-cover2.jpg,Hotel,0,,kelvin@visitmalawi.mw,,,,,MALAWI,,
,4276,https://visitmalawi.mw/index.php/directories/alnord-lakeshore-resort/,Alnord Lakeshore Resort,https://visitmalawi.mw/wp-content/uploads/2022/09/image-cover2.jpg,Hotel,0,,kelvin@visitmalawi.mw,,,,,MALAWI,,
,4274,https://visitmalawi.mw/index.php/directories/gmt-executive-lodge/,GMT Executive Lodge,https://visitmalawi.mw/wp-content/uploads/2022/09/image-cover2.jpg,Hotel,0,,kelvin@visitmalawi.mw,,Mchinji,Central Region,,MALAWI,Mchinji,
,4273,https://visitmalawi.mw/index.php/directories/kasasa-golf-club/,Kasasa Golf Club,https://visitmalawi.mw/wp-content/uploads/2022/09/image-cover2.jpg,Hotel,0,,kelvin@visitmalawi.mw,,,,,MALAWI,,
,4271,https://visitmalawi.mw/index.php/directories/compass-lodge-2/,Compass Lodge 2,https://visitmalawi.mw/wp-content/uploads/2022/09/image-cover2.jpg,Hotel,0,,kelvin@visitmalawi.mw,,Mchinji,Central Region,,MALAWI,Mchinji,
,4270,https://visitmalawi.mw/index.php/directories/chizengezenge-lodge/,Chizengezenge Lodge,https://visitmalawi.mw/wp-content/uploads/2022/09/image-cover2.jpg,Hotel,0,,kelvin@visitmalawi.mw,,Mchinji,Central Region,,MALAWI,Mchinji,
,4267,https://visitmalawi.mw/index.php/directories/chishango-resthouse/,Chishango Resthouse,https://visitmalawi.mw/wp-content/uploads/2022/09/image-cover2.jpg,Hotel,0,,kelvin@visitmalawi.mw,,Mchinji,Central Region,,MALAWI,Mchinji,
,4266,https://visitmalawi.mw/index.php/directories/ulendo-safaris/,Ulendo Safaris,https://visitmalawi.mw/wp-content/uploads/2022/09/image-cover2.jpg,Hotel,0,,kelvin@visitmalawi.mw,,Lilongwe,Central Region,,MALAWI,Lilongwe,
,4265,https://visitmalawi.mw/index.php/directories/chishango-2-resthouse/,Chishango 2 Resthouse,https://visitmalawi.mw/wp-content/uploads/2022/09/image-cover2.jpg,Hotel,0,,kelvin@visitmalawi.mw,,Mchinji,Central Region,,MALAWI,Mchinji,
,4264,https://visitmalawi.mw/index.php/directories/anazulu-ethnic-lodge/,Anazulu Ethnic Lodge,https://visitmalawi.mw/wp-content/uploads/2022/09/image-cover2.jpg,Hotel,0,,kelvin@visitmalawi.mw,,Mchinji,Central Region,,MALAWI,Mchinji,
,4263,https://visitmalawi.mw/index.php/directories/malawian-style/,Malawian Style,https://visitmalawi.mw/wp-content/uploads/2022/09/image-cover2.jpg,Hotel,0,,kelvin@visitmalawi.mw,,Lilongwe,Central Region,,MALAWI,Lilongwe,
,4262,https://visitmalawi.mw/index.php/directories/chitimba-camp-and-maji-zuwa-sun-and-resort/,Chitimba Camp and Maji Zuwa Sun and Resort,https://visitmalawi.mw/wp-content/uploads/2022/09/image-cover2.jpg,Hotel,0,,kelvin@visitmalawi.mw,,Lilongwe,Central Region,,MALAWI,Lilongwe,
,4259,https://visitmalawi.mw/index.php/directories/scenic-events-center-3/,Scenic Events Center,https://visitmalawi.mw/wp-content/uploads/2022/09/image-cover2.jpg,Hotel,0,,kelvin@visitmalawi.mw,Box 1544,Blantyre,Northern Region,,MALAWI,Blantyre,
,4258,https://visitmalawi.mw/index.php/directories/scenic-events-center-2/,Scenic Events Center,https://visitmalawi.mw/wp-content/uploads/2022/09/image-cover2.jpg,Hotel,0,,kelvin@visitmalawi.mw,Box 1544,,,,MALAWI,,
,4257,https://visitmalawi.mw/index.php/directories/scenic-events-center/,Scenic Events Center,https://visitmalawi.mw/wp-content/uploads/2022/09/image-cover2.jpg,Hotel,0,,kelvin@visitmalawi.mw,Box 1544,,,,MALAWI,,
,4256,https://visitmalawi.mw/index.php/directories/smooth-touch-promotions-limited/,Smooth Touch Promotions Limited,https://visitmalawi.mw/wp-content/uploads/2022/09/image-cover2.jpg,Hotel,0,,kelvin@visitmalawi.mw,,,Malawi,,,,
,4254,https://visitmalawi.mw/index.php/directories/njakwa-lodge/,Njakwa Lodge,https://visitmalawi.mw/wp-content/uploads/2022/09/image-cover2.jpg,Hotel,0,,kelvin@visitmalawi.mw,,Rumphi,Northern Region,,MALAWI,Rumphi,
,4253,https://visitmalawi.mw/index.php/directories/mkango-wa-ayuda-resthouse-2/,Mkango wa Ayuda Resthouse,https://visitmalawi.mw/wp-content/uploads/2022/09/image-cover2.jpg,Hotel,0,,kelvin@visitmalawi.mw,,,,,MALAWI,,
,4252,https://visitmalawi.mw/index.php/directories/chiponde-beach-resort/,Chiponde Beach RESORT,https://visitmalawi.mw/wp-content/uploads/2022/09/image-cover2.jpg,Hotel,0,,kelvin@visitmalawi.mw,,Likoma,Northern Region,,MALAWI,Likoma,
,4249,https://visitmalawi.mw/index.php/directories/pangani-zanu-resthouse-2/,Pangani Zanu Resthouse,https://visitmalawi.mw/wp-content/uploads/2022/09/image-cover2.jpg,Hotel,0,,kelvin@visitmalawi.mw,,,,,MALAWI,,
,4247,https://visitmalawi.mw/index.php/directories/country-annex-accommodation/,Country Annex Accommodation,https://visitmalawi.mw/wp-content/uploads/2022/09/image-cover2.jpg,Hotel,0,,kelvin@visitmalawi.mw,,Rumphi,Northern Region,,MALAWI,Rumphi,
,4246,https://visitmalawi.mw/index.php/directories/mango-drift/,Mango Drift,https://visitmalawi.mw/wp-content/uploads/2022/09/image-cover2.jpg,Hotel,0,,kelvin@visitmalawi.mw,,Likoma Island,Northern Region,,MALAWI,Likoma Island,
,4244,https://visitmalawi.mw/index.php/directories/chefs-pride-accommodation/,Chefs Pride Accommodation,https://visitmalawi.mw/wp-content/uploads/2022/09/image-cover2.jpg,Hotel,0,,kelvin@visitmalawi.mw,,Rumphi,Northern Region,,MALAWI,Rumphi,
,4243,https://visitmalawi.mw/index.php/directories/khaiko-lodge/,Khaiko Lodge,https://visitmalawi.mw/wp-content/uploads/2022/09/image-cover2.jpg,Hotel,0,,kelvin@visitmalawi.mw,,Likoma Island,Northern Region,,MALAWI,Likoma Island,
,4241,https://visitmalawi.mw/index.php/directories/kaya-mawa/,Kaya MAWA,https://visitmalawi.mw/wp-content/uploads/2022/09/image-cover2.jpg,Hotel,0,,kelvin@visitmalawi.mw,,Likoma Island,Northern Region,,MALAWI,Likoma Island,
,4240,https://visitmalawi.mw/index.php/directories/riverside-accommodation-lodges/,Riverside Accommodation & Lodges,https://visitmalawi.mw/wp-content/uploads/2022/09/image-cover2.jpg,Hotel,0,,kelvin@visitmalawi.mw,,Rumphi,Northern Region,,MALAWI,Rumphi,
,4238,https://visitmalawi.mw/index.php/directories/landmark-executive-lodge-2/,Landmark Executive Lodge,https://visitmalawi.mw/wp-content/uploads/2022/09/image-cover2.jpg,Hotel,0,,kelvin@visitmalawi.mw,,Rumphi,Northern Region,,MALAWI,Rumphi,
,4236,https://visitmalawi.mw/index.php/directories/golden-hotels-and-tours/,Golden Hotels and Tours,https://visitmalawi.mw/wp-content/uploads/2022/09/image-cover2.jpg,Hotel,0,,kelvin@visitmalawi.mw,,Lilongwe,Central Region,,MALAWI,Lilongwe,
,4235,https://visitmalawi.mw/index.php/directories/ulisa-bay-lodge/,Ulisa Bay Lodge,https://visitmalawi.mw/wp-content/uploads/2022/09/image-cover2.jpg,Hotel,0,,kelvin@visitmalawi.mw,,Likoma Island,Northern Region,,MALAWI,Likoma Island,
,4232,https://visitmalawi.mw/index.php/directories/adios-safari-resort/,Adios Safari Resort,https://visitmalawi.mw/wp-content/uploads/2022/09/image-cover2.jpg,Hotel,0,,kelvin@visitmalawi.mw,,Rumphi,Northern Region,,MALAWI,Rumphi,
,4230,https://visitmalawi.mw/index.php/directories/smd-tukupalisha/,SMD Tukupalisha,https://visitmalawi.mw/wp-content/uploads/2022/09/image-cover2.jpg,Hotel,0,,kelvin@visitmalawi.mw,,Rumphi,Northern Region,,MALAWI,Rumphi,
,4229,https://visitmalawi.mw/index.php/directories/malin-lodge/,Malin Lodge,https://visitmalawi.mw/wp-content/uploads/2022/09/image-cover2.jpg,Hotel,0,,kelvin@visitmalawi.mw,,Rumphi,Northern Region,,MALAWI,Rumphi,
,4228,https://visitmalawi.mw/index.php/directories/kanthuwekha-guesthouse/,Kanthuwekha Guesthouse,https://visitmalawi.mw/wp-content/uploads/2022/09/image-cover2.jpg,Hotel,0,,kelvin@visitmalawi.mw,,Rumphi,Northern Region,,MALAWI,Rumphi,
,4226,https://visitmalawi.mw/index.php/directories/kings-highway-campsite/,King's Highway Campsite,https://visitmalawi.mw/wp-content/uploads/2022/09/image-cover2.jpg,Hotel,0,,kelvin@visitmalawi.mw,,Rumphi,Northern Region,,MALAWI,Rumphi,
,4194,https://visitmalawi.mw/index.php/directories/namiyashi-lodge/,Namiyashi Lodge,https://visitmalawi.mw/wp-content/uploads/2022/09/image-cover2.jpg,Hotel,0,,kelvin@visitmalawi.mw,,Rumphi,Northern Region,,MALAWI,Rumphi,
,4193,https://visitmalawi.mw/index.php/directories/mkango-wa-ayuda-resthouse/,Mkango wa Ayuda Resthouse,https://visitmalawi.mw/wp-content/uploads/2022/09/image-cover2.jpg,Hotel,0,,kelvin@visitmalawi.mw,,Likoma Island,Northern Region,,MALAWI,Likoma Island,
,4192,https://visitmalawi.mw/index.php/directories/kims-garden-lodge-2/,Kim's Garden Lodge,https://visitmalawi.mw/wp-content/uploads/2022/09/image-cover2.jpg,Hotel,0,,kelvin@visitmalawi.mw,,,,,MALAWI,,
,4191,https://visitmalawi.mw/index.php/directories/shungu-lodge-2/,Shungu Lodge,https://visitmalawi.mw/wp-content/uploads/2022/09/image-cover2.jpg,Hotel,0,,kelvin@visitmalawi.mw,,,,,MALAWI,,
,4190,https://visitmalawi.mw/index.php/directories/nechos-place-lodge-2/,Necho's Place Lodge,https://visitmalawi.mw/wp-content/uploads/2022/09/image-cover2.jpg,Hotel,0,,kelvin@visitmalawi.mw,,,,,MALAWI,,
,4189,https://visitmalawi.mw/index.php/directories/viyere-resthouse/,Viyere Resthouse,https://visitmalawi.mw/wp-content/uploads/2022/09/image-cover2.jpg,Hotel,0,,kelvin@visitmalawi.mw,,Mzuzu,Northern Region,,MALAWI,Mzuzu,
,4188,https://visitmalawi.mw/index.php/directories/club-marina-2/,Club Marina,https://visitmalawi.mw/wp-content/uploads/2022/09/image-cover2.jpg,Hotel,0,,kelvin@visitmalawi.mw,,,,,MALAWI,,
,4187,https://visitmalawi.mw/index.php/directories/mbuta-tourist-lodge/,M'buta Tourist Lodge,https://visitmalawi.mw/wp-content/uploads/2022/09/image-cover2.jpg,Hotel,0,,kelvin@visitmalawi.mw,,Rumphi,Northern Region,,MALAWI,Rumphi,
,4185,https://visitmalawi.mw/index.php/directories/usisya-guesthouse/,Usisya Guesthouse,https://visitmalawi.mw/wp-content/uploads/2022/09/image-cover2.jpg,Hotel,0,,kelvin@visitmalawi.mw,,Mzuzu,Northern Lilongwe,,MALAWI,Mzuzu,
,4184,https://visitmalawi.mw/index.php/directories/manguzi-executive-lodge-3/,Manguzi Executive Lodge,https://visitmalawi.mw/wp-content/uploads/2022/09/image-cover2.jpg,Hotel,0,,kelvin@visitmalawi.mw,,,,,MALAWI,,
,4183,https://visitmalawi.mw/index.php/directories/tukumbukughe-motel-2/,Tukumbukughe Motel,https://visitmalawi.mw/wp-content/uploads/2022/09/image-cover2.jpg,Hotel,0,,kelvin@visitmalawi.mw,,,,,MALAWI,,
,4182,https://visitmalawi.mw/index.php/directories/beach-chamber-motel-2/,Beach Chamber Motel,https://visitmalawi.mw/wp-content/uploads/2022/09/image-cover2.jpg,Hotel,0,,kelvin@visitmalawi.mw,,,,,MALAWI,,
,4181,https://visitmalawi.mw/index.php/directories/sunrise-beach-resort-2013-limited-2/,Sunrise Beach Resort (2013) Limited,https://visitmalawi.mw/wp-content/uploads/2022/09/image-cover2.jpg,Hotel,0,,kelvin@visitmalawi.mw,,,,,MALAWI,,
,4179,https://visitmalawi.mw/index.php/directories/aunt-mwiza-lodge-3/,Aunt Mwiza Lodge,https://visitmalawi.mw/wp-content/uploads/2022/09/image-cover2.jpg,Hotel,0,,kelvin@visitmalawi.mw,,,,,MALAWI,,
,4178,https://visitmalawi.mw/index.php/directories/kada-motel-2/,Kada Motel,https://visitmalawi.mw/wp-content/uploads/2022/09/image-cover2.jpg,Hotel,0,,kelvin@visitmalawi.mw,,,,,MALAWI,,
,4177,https://visitmalawi.mw/index.php/directories/paradise-park-3/,Paradise Park,https://visitmalawi.mw/wp-content/uploads/2022/09/image-cover2.jpg,Hotel,0,,kelvin@visitmalawi.mw,,,,,MALAWI,,
,4176,https://visitmalawi.mw/index.php/directories/mikoma-beach-lodge-2/,Mikoma Beach Lodge,https://visitmalawi.mw/wp-content/uploads/2022/09/image-cover2.jpg,Hotel,0,,kelvin@visitmalawi.mw,,,,,MALAWI,,
,4175,https://visitmalawi.mw/index.php/directories/majizuwa-lodge-2/,Majizuwa Lodge,https://visitmalawi.mw/wp-content/uploads/2022/09/image-cover2.jpg,Hotel,0,,kelvin@visitmalawi.mw,,,,,MALAWI,,
,4173,https://visitmalawi.mw/index.php/directories/seneka-sunrise-cottage-2/,Seneka Sunrise Cottage,https://visitmalawi.mw/wp-content/uploads/2022/09/image-cover2.jpg,Hotel,0,,kelvin@visitmalawi.mw,,,,,MALAWI,,
,4172,https://visitmalawi.mw/index.php/directories/lulanga-beach-lodge-3/,Lulanga Beach lodge,https://visitmalawi.mw/wp-content/uploads/2022/09/image-cover2.jpg,Hotel,0,,kelvin@visitmalawi.mw,,,,,MALAWI,,
,4170,https://visitmalawi.mw/index.php/directories/kabaliro-guesthouse-2/,Kabaliro Guesthouse,https://visitmalawi.mw/wp-content/uploads/2022/09/image-cover2.jpg,Hotel,0,,kelvin@visitmalawi.mw,,,,,MALAWI,,
,4169,https://visitmalawi.mw/index.php/directories/plateau-stables/,Plateau Stables,https://visitmalawi.mw/wp-content/uploads/2022/09/image-cover2.jpg,Hotel,0,,kelvin@visitmalawi.mw,,Mzimba,Northern Region,,MALAWI,Mzimba,
,4167,https://visitmalawi.mw/index.php/directories/thunduzi-beach-lodge-2/,Thunduzi Beach Lodge,https://visitmalawi.mw/wp-content/uploads/2022/09/image-cover2.jpg,Hotel,0,,kelvin@visitmalawi.mw,,,,,MALAWI,,
,4166,https://visitmalawi.mw/index.php/directories/koyi-view-lodge-2/,Koyi View Lodge,https://visitmalawi.mw/wp-content/uploads/2022/09/image-cover2.jpg,Hotel,0,,kelvin@visitmalawi.mw,,,,,MALAWI,,
,4164,https://visitmalawi.mw/index.php/directories/nkhumano-guesthouse-2/,Nkhumano Guesthouse,https://visitmalawi.mw/wp-content/uploads/2022/09/image-cover2.jpg,Hotel,0,,kelvin@visitmalawi.mw,,,,,MALAWI,,
,4162,https://visitmalawi.mw/index.php/directories/mama-efelo-lodge/,Mama Efelo Lodge,https://visitmalawi.mw/wp-content/uploads/2022/09/image-cover2.jpg,Hotel,0,,kelvin@visitmalawi.mw,,,,,MALAWI,,
,4161,https://visitmalawi.mw/index.php/directories/chitipa-ccap-guesthouse/,Chitipa CCAP Guesthouse,https://visitmalawi.mw/wp-content/uploads/2022/09/image-cover2.jpg,Hotel,0,,kelvin@visitmalawi.mw,,,,,MALAWI,,
,4159,https://visitmalawi.mw/index.php/directories/weekend-town-lodge-2/,Weekend Town Lodge,https://visitmalawi.mw/wp-content/uploads/2022/09/image-cover2.jpg,Hotel,0,,kelvin@visitmalawi.mw,,,,,MALAWI,,
,4158,https://visitmalawi.mw/index.php/directories/weekend-town-lodge/,Weekend Town Lodge,https://visitmalawi.mw/wp-content/uploads/2022/09/image-cover2.jpg,Hotel,0,,kelvin@visitmalawi.mw,,,,,MALAWI,,
,4157,https://visitmalawi.mw/index.php/directories/tulipoka-lodge-3/,Tulipoka Lodge 3,https://visitmalawi.mw/wp-content/uploads/2022/09/image-cover2.jpg,Hotel,0,,kelvin@visitmalawi.mw,,,,,MALAWI,,
,4156,https://visitmalawi.mw/index.php/directories/reliable-safari/,Reliable Safari,https://visitmalawi.mw/wp-content/uploads/2022/09/image-cover2.jpg,Hotel,0,,kelvin@visitmalawi.mw,"Box 32,BT",,Blantyre,,MALAWI,,
,4155,https://visitmalawi.mw/index.php/directories/mupelachisa-resthouse/,Mupelachisa Resthouse,https://visitmalawi.mw/wp-content/uploads/2022/09/image-cover2.jpg,Hotel,0,,kelvin@visitmalawi.mw,,,,,MALAWI,,
,4154,https://visitmalawi.mw/index.php/directories/grand-palace-hotel/,Grand Palace Hotel,https://visitmalawi.mw/wp-content/uploads/2022/09/image-cover2.jpg,Hotel,0,,kelvin@visitmalawi.mw,,Mzuzu,Northern Region,,MALAWI,Mzuzu,
,4153,https://visitmalawi.mw/index.php/directories/forthill-lodge/,Forthill Lodge,https://visitmalawi.mw/wp-content/uploads/2022/09/image-cover2.jpg,Hotel,0,,kelvin@visitmalawi.mw,,,,,MALAWI,,
,4151,https://visitmalawi.mw/index.php/directories/4151/,,https://visitmalawi.mw/wp-content/uploads/2022/09/image-cover2.jpg,Hotel,0,,kelvin@visitmalawi.mw,Box 57,Mzimba,Northern Region,,MALAWI,Mzimba,
,4150,https://visitmalawi.mw/index.php/directories/st-kizito-conference-lodge/,St Kizito Conference Lodge,https://visitmalawi.mw/wp-content/uploads/2022/09/image-cover2.jpg,Hotel,0,,kelvin@visitmalawi.mw,,,,,MALAWI,,
,4148,https://visitmalawi.mw/index.php/directories/fwasa-club-village-lodge-2/,Fwasa Club & Village Lodge,https://visitmalawi.mw/wp-content/uploads/2022/09/image-cover2.jpg,Hotel,0,,kelvin@visitmalawi.mw,,,,,MALAWI,,
,4147,https://visitmalawi.mw/index.php/directories/fwasa-club-village-lodge/,Fwasa Club & Village Lodge,https://visitmalawi.mw/wp-content/uploads/2022/09/image-cover2.jpg,Hotel,0,,kelvin@visitmalawi.mw,,,,,MALAWI,,
,4146,https://visitmalawi.mw/index.php/directories/twins-executive-lodge/,Twins Executive Lodge,https://visitmalawi.mw/wp-content/uploads/2022/09/image-cover2.jpg,Hotel,0,,kelvin@visitmalawi.mw,,,,,MALAWI,,
,4145,https://visitmalawi.mw/index.php/directories/famechi-lodge/,Famechi Lodge,https://visitmalawi.mw/wp-content/uploads/2022/09/image-cover2.jpg,Hotel,0,,kelvin@visitmalawi.mw,,Mzimba,Northern Region,,MALAWI,Mzimba,
,4143,https://visitmalawi.mw/index.php/directories/tulipoka-lodge-2/,Tulipoka lodge 2,https://visitmalawi.mw/wp-content/uploads/2022/09/image-cover2.jpg,Hotel,0,,kelvin@visitmalawi.mw,,,,,MALAWI,,
,4142,https://visitmalawi.mw/index.php/directories/damron-suites/,Damron Suites,https://visitmalawi.mw/wp-content/uploads/2022/09/image-cover2.jpg,Hotel,0,,kelvin@visitmalawi.mw,,Mzuzu,Northern Region,,MALAWI,Mzuzu,
,4141,https://visitmalawi.mw/index.php/directories/madichi-lodge/,Madichi Lodge,https://visitmalawi.mw/wp-content/uploads/2022/09/image-cover2.jpg,Hotel,0,,kelvin@visitmalawi.mw,,,,,MALAWI,,
,4140,https://visitmalawi.mw/index.php/directories/fazaz-lodge/,Fazaz Lodge,https://visitmalawi.mw/wp-content/uploads/2022/09/image-cover2.jpg,Hotel,0,,kelvin@visitmalawi.mw,,Mzimba,Northern Region,,MALAWI,Mzimba,
,4139,https://visitmalawi.mw/index.php/directories/chitipa-inn-ltd/,Chitipa Inn LTD,https://visitmalawi.mw/wp-content/uploads/2022/09/image-cover2.jpg,Hotel,0,,kelvin@visitmalawi.mw,,,,,MALAWI,,
,4137,https://visitmalawi.mw/index.php/directories/tulipoka-lodge-1/,Tulipoka Lodge 1,https://visitmalawi.mw/wp-content/uploads/2022/09/image-cover2.jpg,Hotel,0,,kelvin@visitmalawi.mw,,,,,MALAWI,,
,4136,https://visitmalawi.mw/index.php/directories/nachitipa-resthouse/,Nachitipa Resthouse,https://visitmalawi.mw/wp-content/uploads/2022/09/image-cover2.jpg,Hotel,0,,kelvin@visitmalawi.mw,,,Malawi,,,,
,4133,https://visitmalawi.mw/index.php/directories/luwawa-forest-lodge/,Luwawa Forest Lodge,https://visitmalawi.mw/wp-content/uploads/2022/09/image-cover2.jpg,Hotel,0,,kelvin@visitmalawi.mw,,Mzimba,Northern Region,,MALAWI,Mzimba,
,4132,https://visitmalawi.mw/index.php/directories/emilat-lodge/,Emilat Lodge,https://visitmalawi.mw/wp-content/uploads/2022/09/image-cover2.jpg,Hotel,0,,kelvin@visitmalawi.mw,,,,,MALAWI,,
,4130,https://visitmalawi.mw/index.php/directories/butuzgo-lodge/,Butuzgo Lodge,https://visitmalawi.mw/wp-content/uploads/2022/09/image-cover2.jpg,Hotel,0,,kelvin@visitmalawi.mw,,,,,MALAWI,,
,4128,https://visitmalawi.mw/index.php/directories/kims-garden-lodge/,Kim's Garden Lodge,https://visitmalawi.mw/wp-content/uploads/2022/09/image-cover2.jpg,Hotel,0,,kelvin@visitmalawi.mw,,,,,MALAWI,,
,4127,https://visitmalawi.mw/index.php/directories/shungu-lodge/,Shungu Lodge,https://visitmalawi.mw/wp-content/uploads/2022/09/image-cover2.jpg,Hotel,0,,kelvin@visitmalawi.mw,,,,,MALAWI,,
,4126,https://visitmalawi.mw/index.php/directories/nechos-place-lodge/,Necho's Place Lodge,https://visitmalawi.mw/wp-content/uploads/2022/09/image-cover2.jpg,Hotel,0,,kelvin@visitmalawi.mw,,,,,MALAWI,,
,4125,https://visitmalawi.mw/index.php/directories/lovemore-lodge/,Lovemore Lodge,https://visitmalawi.mw/wp-content/uploads/2022/09/image-cover2.jpg,Hotel,0,,kelvin@visitmalawi.mw,,,,,MALAWI,,
,4124,https://visitmalawi.mw/index.php/directories/mayi-tionge-resthouse/,Mayi Tionge Resthouse,https://visitmalawi.mw/wp-content/uploads/2022/09/image-cover2.jpg,Hotel,0,,kelvin@visitmalawi.mw,,,,,MALAWI,,
,4123,https://visitmalawi.mw/index.php/directories/ulemu-guesthouse/,Ulemu Guesthouse,https://visitmalawi.mw/wp-content/uploads/2022/09/image-cover2.jpg,Hotel,0,,kelvin@visitmalawi.mw,,,,,MALAWI,,
,4122,https://visitmalawi.mw/index.php/directories/sumuka-inn/,Sumuka Inn,https://visitmalawi.mw/wp-content/uploads/2022/09/image-cover2.jpg,Hotel,0,,kelvin@visitmalawi.mw,,,,,MALAWI,,
,4121,https://visitmalawi.mw/index.php/directories/club-marina/,Club Marina,https://visitmalawi.mw/wp-content/uploads/2022/09/image-cover2.jpg,Hotel,0,,kelvin@visitmalawi.mw,,,,,MALAWI,,
,4120,https://visitmalawi.mw/index.php/directories/lwenics-park-lodge-2/,Lwenics Park Lodge,https://visitmalawi.mw/wp-content/uploads/2022/09/image-cover2.jpg,Hotel,0,,kelvin@visitmalawi.mw,,,,,MALAWI,,
,4118,https://visitmalawi.mw/index.php/directories/lbb-lodge/,LBB Lodge,https://visitmalawi.mw/wp-content/uploads/2022/09/image-cover2.jpg,Hotel,0,,kelvin@visitmalawi.mw,,Mzuzu,Northern Region,,MALAWI,Mzuzu,
,4117,https://visitmalawi.mw/index.php/directories/manguzi-executive-lodge-2/,Manguzi Executive Lodge,https://visitmalawi.mw/wp-content/uploads/2022/09/image-cover2.jpg,Hotel,0,,kelvin@visitmalawi.mw,,,,,MALAWI,,
,4116,https://visitmalawi.mw/index.php/directories/kalipena-lodge/,Kalipena Lodge,https://visitmalawi.mw/wp-content/uploads/2022/09/image-cover2.jpg,Hotel,0,,kelvin@visitmalawi.mw,,Mzimba,Northern Region,,MALAWI,Mzimba,
,4115,https://visitmalawi.mw/index.php/directories/lwenics-park-lodge/,Lwenics Park Lodge,https://visitmalawi.mw/wp-content/uploads/2022/09/image-cover2.jpg,Hotel,0,,kelvin@visitmalawi.mw,,,,,MALAWI,,
,4114,https://visitmalawi.mw/index.php/directories/manguzi-executive-lodge/,Manguzi Executive Lodge,https://visitmalawi.mw/wp-content/uploads/2022/09/image-cover2.jpg,Hotel,0,,kelvin@visitmalawi.mw,,,,,MALAWI,,
,4113,https://visitmalawi.mw/index.php/directories/kangoma-classic-lodge/,Kang'oma Classic Lodge,https://visitmalawi.mw/wp-content/uploads/2022/09/image-cover2.jpg,Hotel,0,,kelvin@visitmalawi.mw,,,,,MALAWI,,
,4112,https://visitmalawi.mw/index.php/directories/m-life-style-resthouse/,M. Life Style Resthouse,https://visitmalawi.mw/wp-content/uploads/2022/09/image-cover2.jpg,Hotel,0,,kelvin@visitmalawi.mw,,Mzimba,Northern Region,,MALAWI,Mzimba,
,4111,https://visitmalawi.mw/index.php/directories/tukumbukughe-motel/,Tukumbukughe Motel,https://visitmalawi.mw/wp-content/uploads/2022/09/image-cover2.jpg,Hotel,0,,kelvin@visitmalawi.mw,,,,,MALAWI,,
,4109,https://visitmalawi.mw/index.php/directories/beach-chamber-motel/,Beach Chamber Motel,https://visitmalawi.mw/wp-content/uploads/2022/09/image-cover2.jpg,Hotel,0,,kelvin@visitmalawi.mw,,,,,MALAWI,,
,4108,https://visitmalawi.mw/index.php/directories/mdudu-resthouse/,Mdudu Resthouse,https://visitmalawi.mw/wp-content/uploads/2022/09/image-cover2.jpg,Hotel,0,,kelvin@visitmalawi.mw,,Mzimba,Northern Region,,MALAWI,Mzimba,
,4107,https://visitmalawi.mw/index.php/directories/sunrise-beach-resort-2013-limited/,Sunrise Beach Resort (2013) Limited,https://visitmalawi.mw/wp-content/uploads/2022/09/image-cover2.jpg,Hotel,0,,kelvin@visitmalawi.mw,,,,,MALAWI,,
,4106,https://visitmalawi.mw/index.php/directories/kavukula-guesthouse/,Kavukula Guesthouse,https://visitmalawi.mw/wp-content/uploads/2022/09/image-cover2.jpg,Hotel,0,,kelvin@visitmalawi.mw,,Mzimba,Northern Region,,MALAWI,Mzimba,
,4105,https://visitmalawi.mw/index.php/directories/kachere-lodge/,Kachere Lodge,https://visitmalawi.mw/wp-content/uploads/2022/09/image-cover2.jpg,Hotel,0,,kelvin@visitmalawi.mw,,,,,MALAWI,,
,4104,https://visitmalawi.mw/index.php/directories/aunt-mwiza-lodge-2/,Aunt Mwiza Lodge,https://visitmalawi.mw/wp-content/uploads/2022/09/image-cover2.jpg,Hotel,0,,kelvin@visitmalawi.mw,,,,,MALAWI,,
,4103,https://visitmalawi.mw/index.php/directories/aunt-mwiza-lodge/,Aunt Mwiza Lodge,https://visitmalawi.mw/wp-content/uploads/2022/09/image-cover2.jpg,Hotel,0,,kelvin@visitmalawi.mw,,,,,MALAWI,,
,4102,https://visitmalawi.mw/index.php/directories/masoko-lodge/,Masoko Lodge,https://visitmalawi.mw/wp-content/uploads/2022/09/image-cover2.jpg,Hotel,0,,kelvin@visitmalawi.mw,,,,,MALAWI,,
,4101,https://visitmalawi.mw/index.php/directories/chipeta-resthouse/,Chipeta Resthouse,https://visitmalawi.mw/wp-content/uploads/2022/09/image-cover2.jpg,Hotel,0,,kelvin@visitmalawi.mw,,Mzimba,Northern Region,,MALAWI,Mzimba,
,4100,https://visitmalawi.mw/index.php/directories/kada-motel/,Kada Motel,https://visitmalawi.mw/wp-content/uploads/2022/09/image-cover2.jpg,Hotel,0,,kelvin@visitmalawi.mw,,,,,MALAWI,,
,4099,https://visitmalawi.mw/index.php/directories/limbalimba-resthouse/,Limbalimba Resthouse,https://visitmalawi.mw/wp-content/uploads/2022/09/image-cover2.jpg,Hotel,0,,kelvin@visitmalawi.mw,,Mzimba,Northern Region,,MALAWI,Mzimba,
,4098,https://visitmalawi.mw/index.php/directories/paradise-park-2/,Paradise Park,https://visitmalawi.mw/wp-content/uploads/2022/09/image-cover2.jpg,Hotel,0,,kelvin@visitmalawi.mw,,Karonga,Northern Region,,MALAWI,Karonga,
,4097,https://visitmalawi.mw/index.php/directories/paradise-park/,Paradise Park,https://visitmalawi.mw/wp-content/uploads/2022/09/image-cover2.jpg,Hotel,0,,kelvin@visitmalawi.mw,,Karonga,Northern Region,,MALAWI,Karonga,
,4096,https://visitmalawi.mw/index.php/directories/blue-lodge/,Blue Lodge,https://visitmalawi.mw/wp-content/uploads/2022/09/image-cover2.jpg,Hotel,0,,kelvin@visitmalawi.mw,,Mzuzu,Northern Region,,MALAWI,Mzuzu,
,4095,https://visitmalawi.mw/index.php/directories/luwinga-lodge/,Luwinga Lodge,https://visitmalawi.mw/wp-content/uploads/2022/09/image-cover2.jpg,Hotel,0,,kelvin@visitmalawi.mw,,Mzuzu,Northern Region,,MALAWI,Mzuzu,
,4094,https://visitmalawi.mw/index.php/directories/mikoma-beach-lodge/,Mikoma Beach Lodge,https://visitmalawi.mw/wp-content/uploads/2022/09/image-cover2.jpg,Hotel,0,,kelvin@visitmalawi.mw,Box 57,Karonga,Northern Region,,MALAWI,Karonga,
,4093,https://visitmalawi.mw/index.php/directories/dave-lodge/,Dave Lodge,https://visitmalawi.mw/wp-content/uploads/2022/09/image-cover2.jpg,Hotel,0,,kelvin@visitmalawi.mw,,Mzuzu,Northern Region,,MALAWI,Mzuzu,
,4092,https://visitmalawi.mw/index.php/directories/dunduzu-lodge/,Dunduzu Lodge,https://visitmalawi.mw/wp-content/uploads/2022/09/image-cover2.jpg,Hotel,0,,kelvin@visitmalawi.mw,,Mzimba,Northern Region,,MALAWI,Mzimba,
,4091,https://visitmalawi.mw/index.php/directories/tumbikani-yehova-guesthouse/,Tumbikani Yehova Guesthouse,https://visitmalawi.mw/wp-content/uploads/2022/09/image-cover2.jpg,Hotel,0,,kelvin@visitmalawi.mw,,Mzimba,Northern Region,,MALAWI,Mzimba,
,4090,https://visitmalawi.mw/index.php/directories/adams-lodge/,Adams Lodge,https://visitmalawi.mw/wp-content/uploads/2022/09/image-cover2.jpg,Hotel,0,,kelvin@visitmalawi.mw,,Mzimba,Northern Region,,MALAWI,Mzimba,
,4089,https://visitmalawi.mw/index.php/directories/airport-lodge/,Airport Lodge,https://visitmalawi.mw/wp-content/uploads/2022/09/image-cover2.jpg,Hotel,0,,kelvin@visitmalawi.mw,,Mzimba,Northern Region,,MALAWI,Mzimba,
,4088,https://visitmalawi.mw/index.php/directories/la-rondavelle/,La Rondavelle,https://visitmalawi.mw/wp-content/uploads/2022/09/image-cover2.jpg,Hotel,0,,kelvin@visitmalawi.mw,,Karonga,Northern Region,,MALAWI,Karonga,
,4087,https://visitmalawi.mw/index.php/directories/seneka-sunrise-cottage/,Seneka Sunrise Cottage,https://visitmalawi.mw/wp-content/uploads/2022/09/image-cover2.jpg,Hotel,0,,kelvin@visitmalawi.mw,,Karonga,Northern Region,,MALAWI,Karonga,
,4086,https://visitmalawi.mw/index.php/directories/lulanga-beach-lodge-2/,Lulanga Beach Lodge,https://visitmalawi.mw/wp-content/uploads/2022/09/image-cover2.jpg,Hotel,0,,kelvin@visitmalawi.mw,,Machinga,Southern Region,,MALAWI,Machinga,
,4085,https://visitmalawi.mw/index.php/directories/lulanga-beach-lodge/,Lulanga Beach Lodge,https://visitmalawi.mw/wp-content/uploads/2022/09/image-cover2.jpg,Hotel,0,,kelvin@visitmalawi.mw,,,,,MALAWI,,
,4084,https://visitmalawi.mw/index.php/directories/kabaliro-guesthouse/,Kabaliro Guesthouse,https://visitmalawi.mw/wp-content/uploads/2022/09/image-cover2.jpg,Hotel,0,,kelvin@visitmalawi.mw,,Karonga,Northern Region,,MALAWI,Karonga,
,4083,https://visitmalawi.mw/index.php/directories/uliwa-guesthouse/,Uliwa Guesthouse,https://visitmalawi.mw/wp-content/uploads/2022/09/image-cover2.jpg,Hotel,0,,kelvin@visitmalawi.mw,,Karonga,Northern Region,,MALAWI,Karonga,
,4082,https://visitmalawi.mw/index.php/directories/thunduzi-beach-lodge/,Thunduzi Beach Lodge,https://visitmalawi.mw/wp-content/uploads/2022/09/image-cover2.jpg,Hotel,0,,kelvin@visitmalawi.mw,,Karonga,Northern Region,,MALAWI,Karonga,
,4081,https://visitmalawi.mw/index.php/directories/koyi-view-lodge/,Koyi View Lodge,https://visitmalawi.mw/wp-content/uploads/2022/09/image-cover2.jpg,Hotel,0,,kelvin@visitmalawi.mw,,,,,MALAWI,,
,4080,https://visitmalawi.mw/index.php/directories/majizuwa-lodge/,Majizuwa Lodge,https://visitmalawi.mw/wp-content/uploads/2022/09/image-cover2.jpg,Hotel,0,,kelvin@visitmalawi.mw,,,,,MALAWI,,
,4079,https://visitmalawi.mw/index.php/directories/nkhumano-guesthouse/,Nkhumano Guesthouse,https://visitmalawi.mw/wp-content/uploads/2022/09/image-cover2.jpg,Hotel,0,,kelvin@visitmalawi.mw,,,,,,,
,4076,https://visitmalawi.mw/index.php/directories/zajegs-resthouse/,Zajegs Resthouse,https://visitmalawi.mw/wp-content/uploads/2022/09/image-cover2.jpg,Hotel,0,,kelvin@visitmalawi.mw,,Mzimba,Northern Region,,MALAWI,Mzimba,
,4075,https://visitmalawi.mw/index.php/directories/kuyezya-nkhuwemi-resthouse/,Kuyezya Nkhuwemi Resthouse,https://visitmalawi.mw/wp-content/uploads/2022/09/image-cover2.jpg,Hotel,0,,kelvin@visitmalawi.mw,,Mzimba,Northern Region,,MALAWI,Mzimba,
,1851,https://visitmalawi.mw/index.php/directories/1851/,Sunbird Nkopola,https://visitmalawi.mw/wp-content/uploads/2021/10/sunbird-nkopola-lodge-2-1024x684.jpg,"Hotel,MICE",0,+265-1-820-588,,,Mangochi,,,MALAWI,Mangochi,
,1850,https://visitmalawi.mw/index.php/directories/sunbird-waterfront/,Sunbird Waterfront,https://visitmalawi.mw/wp-content/uploads/2021/10/295097832.jpg,"Hotel,MICE",0,+265-1-820-588,,,Salima,,,MALAWI,Salima,"Accepts Credit Cards,Free WiFi,Has TV,Laundry,Parking,SPA,Swing Pool,Takes Reservations,Waiter Service,Weddings"
